,"Keyword	",Category,Ingredient,Engagement Score,Time,Channel
0,Vegan Skincare,Serum,Bakuchiol,86.11,3 Months,Reddit
1,Vegan Skincare,Serum,Hyaluronic Acid,14.71,3 Months,Reddit
2,Vegan Skincare,Serum,Retinoids,31.48,3 Months,Reddit
3,Vegan Skincare,Serum,Retinol,36.08,3 Months,Reddit
4,Vegan Skincare,Serum,Vitamin E Oil,10.15,3 Months,Reddit
5,Vegan Skincare,Eyecare,Bakuchiol,2.34,3 Months,Reddit
6,Vegan Skincare,Eyecare,Hyaluronic Acid,72.82,3 Months,Reddit
7,Vegan Skincare,Eyecare,Retinoids,4.8,3 Months,Reddit
8,Vegan Skincare,Eyecare,Retinol,1.9,3 Months,Reddit
9,Vegan Skincare,Eyecare,Vitamin E Oil,24.49,3 Months,Reddit
10,Vegan Skincare,Moisturizer,Bakuchiol,4.59,3 Months,Reddit
11,Vegan Skincare,Moisturizer,Hyaluronic Acid,36.08,3 Months,Reddit
12,Vegan Skincare,Moisturizer,Retinoids,18.47,3 Months,Reddit
13,Vegan Skincare,Moisturizer,Retinol,84.66,3 Months,Reddit
14,Vegan Skincare,Moisturizer,Vitamin E Oil,14.93,3 Months,Reddit
15,Vegan Skincare,Lipcare,Bakuchiol,5.52,3 Months,Reddit
16,Vegan Skincare,Lipcare,Hyaluronic Acid,86.11,3 Months,Reddit
17,Vegan Skincare,Lipcare,Retinoids,2.56,3 Months,Reddit
18,Vegan Skincare,Lipcare,Retinol,0.23,3 Months,Reddit
19,Vegan Skincare,Lipcare,Vitamin E Oil,10.85,3 Months,Reddit
20,Vegan Skincare,Cleanser,Bakuchiol,12.87,3 Months,Reddit
21,Vegan Skincare,Cleanser,Hyaluronic Acid,12.88,3 Months,Reddit
22,Vegan Skincare,Cleanser,Retinoids,16.94,3 Months,Reddit
23,Vegan Skincare,Cleanser,Retinol,28.49,3 Months,Reddit
24,Vegan Skincare,Cleanser,Vitamin E Oil,14.36,3 Months,Reddit
25,Organic Skincare,Serum,Bakuchiol,16.05,3 Months,Reddit
26,Organic Skincare,Serum,Hyaluronic Acid,24.13,3 Months,Reddit
27,Organic Skincare,Serum,Retinoids,19.89,3 Months,Reddit
28,Organic Skincare,Serum,Retinol,24.1,3 Months,Reddit
29,Organic Skincare,Serum,Vitamin E Oil,25.72,3 Months,Reddit
30,Organic Skincare,Eyecare,Bakuchiol,33.93,3 Months,Reddit
31,Organic Skincare,Eyecare,Hyaluronic Acid,14.42,3 Months,Reddit
32,Organic Skincare,Eyecare,Retinoids,13.02,3 Months,Reddit
33,Organic Skincare,Eyecare,Retinol,12.89,3 Months,Reddit
34,Organic Skincare,Eyecare,Vitamin E Oil,13.5,3 Months,Reddit
35,Organic Skincare,Moisturizer,Bakuchiol,30.73,3 Months,Reddit
36,Organic Skincare,Moisturizer,Hyaluronic Acid,20.28,3 Months,Reddit
37,Organic Skincare,Moisturizer,Retinoids,19.7,3 Months,Reddit
38,Organic Skincare,Moisturizer,Retinol,15.77,3 Months,Reddit
39,Organic Skincare,Moisturizer,Vitamin E Oil,26.3,3 Months,Reddit
40,Organic Skincare,Lipcare,Bakuchiol,33.6,3 Months,Reddit
41,Organic Skincare,Lipcare,Hyaluronic Acid,14.33,3 Months,Reddit
42,Organic Skincare,Lipcare,Retinoids,0.23,3 Months,Reddit
43,Organic Skincare,Lipcare,Retinol,51.34,3 Months,Reddit
44,Organic Skincare,Lipcare,Vitamin E Oil,8.08,3 Months,Reddit
45,Organic Skincare,Cleanser,Bakuchiol,1.83,3 Months,Reddit
46,Organic Skincare,Cleanser,Hyaluronic Acid,35.39,3 Months,Reddit
47,Organic Skincare,Cleanser,Retinoids,3.33,3 Months,Reddit
48,Organic Skincare,Cleanser,Retinol,11.18,3 Months,Reddit
49,Organic Skincare,Cleanser,Vitamin E Oil,27.69,3 Months,Reddit
50,Plant-based Skincare,Serum,Bakuchiol,17.12,3 Months,Reddit
51,Plant-based Skincare,Serum,Hyaluronic Acid,10.89,3 Months,Reddit
52,Plant-based Skincare,Serum,Retinoids,8.45,3 Months,Reddit
53,Plant-based Skincare,Serum,Retinol,17.21,3 Months,Reddit
54,Plant-based Skincare,Serum,Vitamin E Oil,41.09,3 Months,Reddit
55,Plant-based Skincare,Eyecare,Bakuchiol,22.33,3 Months,Reddit
56,Plant-based Skincare,Eyecare,Hyaluronic Acid,8.83,3 Months,Reddit
57,Plant-based Skincare,Eyecare,Retinoids,1.15,3 Months,Reddit
58,Plant-based Skincare,Eyecare,Retinol,14.71,3 Months,Reddit
59,Plant-based Skincare,Eyecare,Vitamin E Oil,31.48,3 Months,Reddit
60,Plant-based Skincare,Moisturizer,Bakuchiol,33.4,3 Months,Reddit
61,Plant-based Skincare,Moisturizer,Hyaluronic Acid,15.78,3 Months,Reddit
62,Plant-based Skincare,Moisturizer,Retinoids,22.76,3 Months,Reddit
63,Plant-based Skincare,Moisturizer,Retinol,10.35,3 Months,Reddit
64,Plant-based Skincare,Moisturizer,Vitamin E Oil,23.48,3 Months,Reddit
65,Plant-based Skincare,Lipcare,Bakuchiol,22.33,3 Months,Reddit
66,Plant-based Skincare,Lipcare,Hyaluronic Acid,8.83,3 Months,Reddit
67,Plant-based Skincare,Lipcare,Retinoids,1.15,3 Months,Reddit
68,Plant-based Skincare,Lipcare,Retinol,14.71,3 Months,Reddit
69,Plant-based Skincare,Lipcare,Vitamin E Oil,31.48,3 Months,Reddit
70,Plant-based Skincare,Cleanser,Bakuchiol,33.4,3 Months,Reddit
71,Plant-based Skincare,Cleanser,Hyaluronic Acid,15.78,3 Months,Reddit
72,Plant-based Skincare,Cleanser,Retinoids,35.39,3 Months,Reddit
73,Plant-based Skincare,Cleanser,Retinol,3.33,3 Months,Reddit
74,Plant-based Skincare,Cleanser,Vitamin E Oil,11.18,3 Months,Reddit
